
INSERT INTO `country` ( `Country_Name`) VALUES
('South Africa'),
( 'Germany');


INSERT INTO `city` (`City_Name`, `Country_ID`) VALUES
('Cape Town', 1),
('Gauteng', 1),
('Port Elizebeth', 1),
('Frankfurt', 2),
( 'Durban', 1);



INSERT INTO `suburb` ( `Suburb_Name`, `Suburb_ZIP`, `City_ID`) VALUES
('Bakoven', '8005', 1),
('Bantry Bay', '8005', 1),
('Camps Bay', '8005', 1),
('Clifton', '8005', 1),
('Fresnaye', '8005', 1),
('Green Point', '8005', 1),
('Hout Bay', '7806', 1),
('Imizamo Yethu', '7806', 1),
('Llandudno', '7806', 1),
( 'Mouille Point', '8005', 1),
( 'Sea Point', '8005', 1),
( 'Three Anchor Bay', '8005', 1),
( 'Athlone', '7764', 1),
( 'Bishop Lavis', '7490', 1),
( 'Bonteheuwel', '7764', 1),
( 'Crawford', '7780', 1),
( 'Delft', '7100', 1),
( 'Elsie\'s River', '7490', 1),
( 'Epping', '7460', 1),
( 'Grassy Park', '7941', 1),
( 'Gugulethu', '7750', 1),
( 'Kalksteenfontein', '7490', 1),
( 'Khayelitsha', '7784', 1),
( 'Langa', '7455', 1),
( 'Lavender Hill', '7945', 1),
( 'Lotus River', '7941', 1),
( 'Macassar', '7130', 1),
( 'Milnerton', '7441', 1),
( 'Montague Gardens', '7441', 1),
( 'Parklands', '7441', 1),
( 'Table View', '7441', 1),
( 'West Beach', '7441', 1);


INSERT INTO `street` ( `Street_Name`, `Suburb_ID`) VALUES
('Et Ave', 1),
('3865 Aptent St.', 1),
('Dictum Road', 6),
('5486 Laoreet Avenue', 1),
('5628 Imperdiet Rd.', 1),
('690-2677 Neque Street', 1),
('Ap #859-6571 Donec Street', 1),
('6194 Mauris Rd.', 5),
('4570 Magna Avenue', 1),
( 'Ap #617-2953 Sit St.', 1),
( '798-9214 Vel Rd.', 1),
( 'Ap #621-3272 Amet, Rd.', 1),
( '8557 Nunc Avenue', 1),
( '265 Aliquam St.', 1),
( 'Ap #792-1649 Mollis Rd.', 1),
( 'Ap #693-9462 Phasellus Street', 1),
( '251-5270 Sem Street', 1),
( '586-2587 Donec Road', 1),
( 'Ap #371-8430 Cursus. Street', 1),
( 'Ap #633-2033 Magna St.', 1),
( 'Ap #593-416 Dis Ave', 1),
( '704 Egestas Rd.', 1),
( '7236 Eget, Road', 1),
( 'Ap #108-5978 Vestibulum St.', 1),
( 'Ap #923-8149 Dictum St.', 1),
( '550-2101 Cras Rd.', 1),
( 'Ap #395-1579 Aliquet Ave', 1),
( '7358 Parturient Road', 1),
( '897-5390 Risus. Avenue', 1),
( 'Ap #114-4922 Posuere, Ave', 1),
( 'Ap #276-8353 Lacus. Road', 1),
( 'Ap #303-2819 Parturient Road', 1),
( '888-898 Ullamcorper. St.', 1),
( '2881 Et Av.', 1),
( '590-5365 Sed St.', 1),
( '443-3676 Varius Road', 1),
( '809-4966 Ac Road', 1),
( 'Ap #259-3387 Ornare, Road', 1),
( '3005 A, Ave', 1),
( '382-1395 Consequat Street', 1),
( 'Ap #279-6194 Eget Street', 1),
( '584-1649 Eget St.', 1),
( '287-2383 Aliquet. Rd.', 1),
( '173-8466 Mauris Av.', 1),
( 'Ap #408-5504 Egestas St.', 1),
( '145-3560 Euismod Road', 1),
( 'Ap #502-6357 Nulla Road', 1),
( '865-4513 Egestas. Av.', 1),
( '216-6804 Sit Road', 1),
( '836-2841 Egestas St.', 1),
( 'Ap #844-8850 Eleifend, St.', 1),
( '6377 Sodales Ave', 1),
( '958-4018 Donec St.', 1),
( 'Ap #368-3536 Vitae St.', 1),
( '191 Auctor St.', 1),
( '9799 Magnis Road', 1),
( '459-8509 Eget St.', 1),
( '3199 Sapien Road', 1),
( 'Ap #705-1836 Ultricies Road', 1),
( 'Ap #460-9787 Eget St.', 1),
( '8967 Proin St.', 1),
( 'Ap #620-9140 Fusce Road', 1),
( '4009 Nam Ave', 1),
( '866-3297 Malesuada Street', 1),
( '5638 Ac Street', 1),
( '697-7839 Nec, Street', 1),
( '6586 Iaculis Street', 1),
( '800 Suspendisse Av.', 1),
( 'Ap #922-4903 Duis Road', 1),
( '1683 Posuere St.', 1),
( '6321 Ultricies St.', 1),
( '331-6870 Sed Ave', 1),
( '842 Nullam Rd.', 1),
( '948 Vel, Rd.', 1),
('lane', 1),
('lane', 1),
('lane', 1),
('lane', 1),
('lane', 1),
('lane', 1),
('lane', 1),
('lane', 1),
('lane', 1),
('Main Road', 3),
('Main Road', 12),
('Everest Way', 3),
('New Way', 1),
('Miway', 1),
('Et Avenue', 6);


INSERT INTO `address` (`Street_Street_ID`, `Address_House_Number`) VALUES
(63, 66),
(68, 66),
(24, 45),
(29, 146),
(23, 15),
(34, 132),
(63, 96),
(8, 73),
(52, 29),
( 68, 53),
( 36, 142),
( 60, 54),
( 34, 105),
( 8, 147),
( 37, 31),
( 10, 123),
( 37, 36),
( 33, 75),
( 42, 88),
( 32, 52),
( 42, 94),
( 65, 52),
( 12, 74),
( 14, 83),
( 62, 72),
( 54, 129),
( 7, 28),
( 10, 42),
( 69, 57),
( 19, 51),
( 62, 59),
( 59, 66),
( 46, 97),
( 9, 86),
( 35, 31),
( 65, 43),
( 21, 18),
( 27, 87),
( 3, 97),
( 68, 73),
( 50, 148),
( 39, 71),
( 72, 42),
( 49, 91),
( 30, 62),
( 30, 65),
( 33, 14),
( 11, 113),
( 67, 146),
( 9, 121),
( 26, 20),
( 11, 9),
( 32, 146),
( 23, 45),
( 30, 18),
( 44, 132),
( 32, 70),
( 14, 94),
( 35, 68),
( 69, 56),
( 20, 117),
( 25, 3),
( 48, 70),
( 50, 47),
( 74, 34),
( 68, 129),
( 42, 65),
( 68, 19),
( 58, 25),
( 24, 108),
( 33, 13),
( 2, 94),
( 20, 148),
( 5, 50),
( 69, 39),
( 48, 12),
( 24, 44),
( 24, 71),
( 64, 131),
( 46, 32),
( 34, 113),
( 51, 130),
( 13, 28),
( 64, 19),
( 33, 32),
( 40, 115),
( 36, 63),
( 4, 84),
( 8, 105),
( 50, 88),
( 51, 28),
( 35, 6),
( 19, 145),
( 36, 116),
( 68, 142),
( 22, 110),
( 36, 97),
( 12, 32),
( 63, 141);

INSERT INTO `property` ( `Prop_Description`, `Prop_Bedrooms`, `Prop_Bathrooms`, `Prop_SquareMeter`, `Address_Address_ID`, `Prop_Pool`) VALUES
(NULL, '2', '1', '109', 75, 0),
(NULL, '6', '1', '202', 55, 0),
(NULL, '3', '4', '181', 88, 1),
(NULL, '3', '1', '69', 24, 1),
(NULL, '1', '2', '48', 31, 0),
(NULL, '2', '2', '88', 96, 1),
(NULL, '3', '1', '71', 95, 1),
(NULL, '5', '4', '226', 7, 1),
(NULL, '5', '4', '216', 78, 0),
( NULL, '4', '2', '113', 85, 0),
( NULL, '4', '3', '189', 59, 0),
( NULL, '6', '4', '186', 24, 1),
( NULL, '3', '2', '92', 18, 0),
( NULL, '3', '2', '145', 39, 1),
( NULL, '4', '1', '93', 64, 0),
( NULL, '4', '2', '128', 16, 0),
( NULL, '5', '2', '153', 76, 1),
( NULL, '5', '1', '117', 49, 0),
( NULL, '4', '1', '143', 16, 0),
( NULL, '5', '3', '183', 67, 1),
( NULL, '6', '4', '188', 2, 1),
( NULL, '5', '2', '199', 24, 0),
( NULL, '4', '2', '135', 86, 0),
( NULL, '2', '2', '113', 10, 1),
( NULL, '6', '2', '220', 60, 0),
( NULL, '1', '3', '116', 61, 1),
( NULL, '5', '2', '148', 65, 1),
( NULL, '6', '1', '146', 4, 1),
( NULL, '3', '4', '182', 69, 0),
( NULL, '2', '4', '123', 2, 1),
( NULL, '3', '3', '164', 26, 0),
( NULL, '2', '2', '101', 24, 1),
( NULL, '4', '3', '127', 38, 1),
( NULL, '1', '4', '85', 84, 1),
( NULL, '2', '1', '81', 53, 1),
( NULL, '6', '4', '195', 8, 0),
( NULL, '4', '4', '139', 26, 1),
( NULL, '5', '4', '226', 52, 0),
( NULL, '4', '3', '146', 6, 1),
( NULL, '2', '1', '101', 59, 0),
( NULL, '6', '4', '188', 69, 0),
( NULL, '5', '1', '177', 95, 0),
( NULL, '1', '3', '91', 51, 0),
( NULL, '3', '4', '152', 92, 1),
( NULL, '1', '4', '109', 95, 0),
( NULL, '2', '4', '116', 54, 1),
( NULL, '5', '2', '163', 87, 0),
( NULL, '5', '1', '127', 32, 0),
( NULL, '3', '1', '71', 14, 0),
( NULL, '1', '3', '107', 42, 0),
( NULL, '2', '2', '112', 96, 1),
( NULL, '5', '1', '159', 44, 0),
( NULL, '5', '4', '176', 86, 1),
( NULL, '1', '2', '90', 9, 1),
( NULL, '1', '4', '107', 15, 1),
( NULL, '3', '3', '125', 79, 0),
( NULL, '5', '1', '149', 73, 1),
( NULL, '2', '1', '77', 84, 0),
( NULL, '1', '4', '118', 64, 0),
( NULL, '5', '1', '115', 64, 0),
( NULL, '3', '4', '174', 94, 1),
( NULL, '6', '2', '170', 70, 1),
( NULL, '2', '3', '77', 4, 1),
( NULL, '3', '3', '119', 67, 1),
( NULL, '5', '3', '175', 61, 0),
( NULL, '2', '4', '122', 24, 0),
( NULL, '5', '4', '210', 24, 1),
( NULL, '2', '3', '84', 19, 0),
( NULL, '3', '3', '109', 85, 0),
( NULL, '6', '2', '219', 83, 0),
( NULL, '3', '2', '110', 45, 1),
( NULL, '5', '3', '151', 23, 0),
( NULL, '2', '4', '125', 74, 0),
( NULL, '5', '4', '181', 16, 1),
( NULL, '5', '1', '190', 92, 0),
( NULL, '4', '4', '155', 31, 1),
( NULL, '5', '2', '174', 76, 1),
( NULL, '5', '2', '166', 23, 0),
( NULL, '5', '2', '160', 64, 1),
( NULL, '1', '4', '69', 96, 1),
( NULL, '3', '1', '77', 46, 1),
( NULL, '4', '3', '172', 21, 0),
( NULL, '1', '3', '85', 18, 0),
( NULL, '2', '2', '85', 27, 1),
( NULL, '3', '1', '81', 16, 1),
( NULL, '6', '4', '239', 68, 0),
( NULL, '2', '2', '121', 66, 0),
( NULL, '6', '4', '201', 8, 1),
( NULL, '4', '3', '174', 36, 0),
( NULL, '6', '3', '183', 37, 0),
( NULL, '1', '3', '77', 2, 1),
( NULL, '5', '3', '193', 34, 0),
( NULL, '5', '4', '187', 75, 1),
( NULL, '5', '1', '187', 70, 0),
( NULL, '3', '4', '124', 34, 0),
( NULL, '3', '1', '102', 75, 1),
( NULL, '5', '1', '175', 1, 0),
( NULL, '2', '3', '124', 96, 1),
( NULL, '1', '1', '31', 54, 1),
(NULL, '2', '4', '139', 63, 1),
('\"Lovely Villa\"', '5', '3', '320', 85, 0),
('\"Huge Mansion\"', '6', '7', '520', 99, 0);



INSERT INTO `propertyphoto` (`Property_Prop_ID`, `Photo_Path`) VALUES
(1, '/photos/TigerWaterfront/185741377.jpg'),
(1, '/photos/TigerWaterfront/185742210.jpg'),
(1, '/photos/TigerWaterfront/194689370.jpg'),
(1, '/photos/TigerWaterfront/194689575.jpg'),
(2, '/photos/FirstHouseWestcampVilla/167497237.jpg'),
(2, '/photos/FirstHouseWestcampVilla/167497263.jpg'),
(2, '/photos/FirstHouseWestcampVilla/167497292.jpg'),
(2, '/photos/FirstHouseWestcampVilla/167497303.jpg'),
(3, '/photos/AshbyManor/115271712.jpg'),
(3, '/photos/AshbyManor/138061763.jpg'),
(3, '/photos/AshbyManor/175800834.jpg'),
(3, '/photos/AshbyManor/182499819.jpg');


INSERT INTO `person` (`Address_Address_ID`, `Person_Firstname`, `Person_LastName`, `Person_PhoneNumber`, `Person_Email`, `Person_DOB`) VALUES
(88, 'Mariam', 'Benton', '03 44 19 27 07', 'Mauris@adipiscingnon.net', '1999-12-17'),
(12, 'Yen', 'Fitzpatrick', '07 90 69 86 83', 'accumsan@erat.ca', '2065-05-12'),
(13, 'Britanney', 'Brooks', '07 89 60 33 45', 'Duis.risus@ataugue.ca', '2039-10-14'),
(48, 'Carolyn', 'Shelton', '09 43 70 34 82', 'tellus.eu.augue@Uttincidunt.co.uk', '1986-09-10'),
(99, 'Whoopi', 'Franklin', '09 80 46 35 72', 'dapibus@lectusCum.net', '1992-02-20'),
(32, 'Alfonso', 'Hubbard', '07 98 45 34 00', 'magnis@molestie.edu', '1987-07-29'),
(36, 'Ryan', 'Rich', '02 50 96 84 51', 'risus.In@ullamcorperviverra.net', '1989-12-22'),
(15, 'Phyllis', 'Odom', '02 14 90 25 27', 'nulla@netusetmalesuada.net', '2046-10-26'),
(52, 'Jael', 'Sandoval', '01 60 00 54 76', 'magna.Lorem.ipsum@nonfeugiat.org', '1976-07-30'),
( 92, 'Alexis', 'Hanson', '04 43 62 35 07', 'urna.Nunc@fringilla.com', '2044-03-05'),
( 60, 'Tara', 'Gentry', '06 55 91 29 73', 'accumsan.interdum.libero@Phasellusat.com', '1998-07-30'),
( 53, 'Ciaran', 'Hunter', '03 10 16 15 75', 'malesuada@purus.com', '1974-09-15'),
( 22, 'Brenna', 'Brennan', '04 77 18 96 50', 'primis@acarcuNunc.net', '1984-09-25'),
( 64, 'Dorian', 'Hall', '07 19 01 57 64', 'lacus@parturientmontes.com', '1976-05-07'),
( 69, 'Aphrodite', 'Sampson', '07 24 80 92 42', 'iaculis.lacus.pede@ipsum.com', '2039-04-15'),
( 44, 'Keaton', 'Foster', '04 86 91 36 01', 'mollis.lectus@et.ca', '1973-03-28'),
( 7, 'Zeph', 'Holmes', '02 79 34 61 50', 'aliquet@arcuSed.org', '1998-04-11'),
( 6, 'Jacob', 'Glover', '04 04 34 78 09', 'velit.Cras@sodales.edu', '1988-07-11'),
( 55, 'Preston', 'Morin', '05 68 57 49 54', 'ultrices.Duis.volutpat@enimSuspendissealiquet.com', '2055-07-06'),
( 55, 'Tad', 'Cortez', '06 97 45 28 38', 'egestas.rhoncus.Proin@sit.net', '1989-09-02'),
( 45, 'Eugenia', 'Cooley', '09 52 42 71 33', 'enim.Suspendisse.aliquet@erat.co.uk', '1993-05-24'),
( 21, 'Aspen', 'Floyd', '01 40 16 66 06', 'orci@Proinegetodio.edu', '1972-03-17'),
( 88, 'Rose', 'Lucas', '05 99 77 30 67', 'dictum.cursus.Nunc@urnaUt.edu', '1999-07-14'),
( 18, 'Lawrence', 'Wooten', '05 09 25 45 29', 'sed.facilisis.vitae@justositamet.net', '1972-02-03'),
( 9, 'Rafael', 'Castaneda', '02 35 21 28 90', 'eget@malesuadamalesuadaInteger.edu', '2061-07-22'),
( 95, 'Victoria', 'Sykes', '06 03 89 66 92', 'sem@aultriciesadipiscing.co.uk', '2057-07-27'),
( 7, 'Tate', 'Hurley', '09 42 44 86 02', 'Vivamus@laciniaatiaculis.org', '1998-03-17'),
( 52, 'Brett', 'Patton', '09 15 06 99 12', 'nibh.Phasellus@loremutaliquam.com', '2055-04-21'),
( 64, 'Mia', 'Bowman', '06 60 17 26 17', 'ipsum.dolor.sit@at.com', '1982-06-20'),
( 35, 'Norman', 'Miles', '01 55 37 51 86', 'vehicula.Pellentesque@Inmipede.edu', '2040-09-08'),
( 29, 'Kelsey', 'Blankenship', '05 75 90 69 01', 'non.luctus.sit@placerateget.net', '1969-02-16'),
( 63, 'Shay', 'Patton', '04 82 16 05 24', 'Nulla.eu@Donecdignissim.edu', '2048-04-27'),
( 38, 'Alma', 'Chandler', '03 70 63 45 62', 'Duis@porttitoreros.ca', '2052-04-29'),
( 71, 'Mason', 'Rivers', '01 14 37 50 29', 'dolor@sem.net', '2049-06-08'),
( 70, 'Josiah', 'Barry', '02 70 46 20 18', 'at.iaculis@lacus.co.uk', '1981-03-17'),
( 78, 'Inez', 'Rosario', '08 53 57 37 94', 'rutrum.eu@ut.ca', '1974-08-28'),
( 82, 'Nehru', 'Marshall', '01 40 46 50 97', 'Integer.eu@sed.com', '2065-05-01'),
( 89, 'Gray', 'Hogan', '03 05 35 00 53', 'et@lacinia.org', '1994-12-19'),
( 57, 'Jessamine', 'Fuller', '09 91 60 02 05', 'semper.dui@mi.edu', '1986-09-26'),
( 25, 'Olivia', 'Wyatt', '04 29 28 60 00', 'fringilla.euismod.enim@primisin.co.uk', '2047-05-30'),
( 49, 'Haley', 'Barrera', '06 65 99 25 00', 'dui.lectus.rutrum@Fuscealiquetmagna.co.uk', '1989-02-13'),
( 26, 'Ethan', 'Greer', '02 79 33 11 86', 'vitae@nisl.co.uk', '1978-03-17'),
( 68, 'Kadeem', 'Ray', '04 65 46 87 57', 'tellus.sem@mattissemperdui.edu', '2067-12-29'),
( 88, 'Cain', 'Davis', '04 01 83 48 25', 'lacinia@Integer.org', '2054-03-07'),
( 96, 'Diana', 'King', '04 04 50 17 34', 'pulvinar.arcu@massaSuspendisse.ca', '2066-08-28'),
( 98, 'Wallace', 'Blankenship', '03 01 99 53 55', 'natoque.penatibus@ametornare.edu', '2068-05-17'),
( 22, 'Fatima', 'Crawford', '01 92 46 66 90', 'Pellentesque@velitduisemper.org', '2060-06-06'),
( 47, 'Logan', 'Rasmussen', '06 71 10 96 85', 'eu@blanditat.co.uk', '1995-02-03'),
( 29, 'Josephine', 'Hobbs', '09 05 36 13 29', 'auctor.nunc@augueeutellus.edu', '1999-07-25'),
( 86, 'Lars', 'Coffey', '01 46 42 43 66', 'metus.sit@tempuseuligula.com', '1987-10-26'),
( 52, 'Brian', 'Delacruz', '04 81 15 50 08', 'sed.pede.Cum@Incondimentum.org', '1977-11-20'),
( 20, 'Tiger', 'Wood', '01 50 41 58 54', 'fermentum.metus.Aenean@faucibuslectus.net', '2067-06-28'),
( 95, 'Alexa', 'Shepherd', '06 25 30 84 62', 'ut@Maurisutquam.org', '1988-11-29'),
( 37, 'Sybill', 'Cain', '09 49 07 87 90', 'auctor.Mauris@lacusQuisqueimperdiet.co.uk', '2041-05-28'),
( 99, 'Arthur', 'Phillips', '03 32 87 15 21', 'Integer.eu@augueeu.co.uk', '2053-06-13'),
( 66, 'Judah', 'Blackburn', '05 78 54 84 82', 'sit.amet.consectetuer@atarcuVestibulum.org', '1980-02-07'),
( 58, 'Quail', 'Guthrie', '05 05 60 88 05', 'congue@libero.org', '1972-12-27'),
( 18, 'Jerry', 'Haney', '09 32 81 10 35', 'Proin@cubilia.edu', '2061-12-10'),
( 45, 'Zachery', 'Fernandez', '02 76 78 10 53', 'In.ornare.sagittis@enimnectempus.edu', '2066-09-28'),
( 89, 'Karly', 'Patton', '08 53 70 12 79', 'eu.eleifend@erat.net', '1994-08-14'),
( 65, 'Cade', 'Vargas', '03 27 00 27 11', 'vulputate@enimMauris.org', '2065-02-18'),
( 88, 'Camden', 'Bryant', '09 86 80 72 00', 'Vivamus.euismod.urna@lectus.com', '2039-04-27'),
( 69, 'Bruce', 'Serrano', '01 56 06 41 62', 'sapien.gravida.non@Proinmi.co.uk', '1972-06-09'),
( 25, 'Rae', 'Salas', '04 42 53 30 53', 'enim@Nuncquis.co.uk', '2038-06-30'),
( 1, 'Abrahammmm', 'Clayton', '0424928934', 'pellentesque.Sed@sit.net', '2052-05-22'),
( 54, 'Hayfa', 'Moses', '02 51 99 16 01', 'enim.gravida.sit@fermentumfermentumarcu.com', '1991-01-30'),
( 35, 'Leo', 'Graham', '08 80 34 59 56', 'pretium.neque@necdiamDuis.ca', '2047-01-14'),
( 21, 'Reese', 'Wong', '04 78 45 56 78', 'egestas@tinciduntpedeac.org', '2043-04-14'),
( 32, 'Nina', 'Reynolds', '02 04 60 73 64', 'Phasellus.dolor@placeratvelit.edu', '2044-10-05'),
( 93, 'Michael', 'Irwin', '05 47 72 46 95', 'sit@vitaeorci.edu', '1997-05-08'),
( 27, 'Carolyn', 'Baldwin', '01 52 49 10 22', 'pharetra@dolor.org', '1980-09-28'),
( 68, 'Price', 'Stafford', '02 65 75 66 39', 'risus.varius@esttemporbibendum.com', '1994-10-22'),
( 24, 'Sharon', 'Wiggins', '09 14 14 34 91', 'Sed.auctor@Maecenasiaculis.edu', '1976-06-14'),
( 97, 'Levi', 'Petersen', '03 89 31 94 88', 'vulputate@feugiatmetussit.ca', '2065-06-20'),
( 17, 'Aladdin', 'Payne', '02 90 31 02 98', 'orci@nuncestmollis.ca', '2062-03-04'),
( 89, 'Alisa', 'Hurley', '08 15 29 22 94', 'eros.Proin@metus.co.uk', '2056-11-03'),
( 70, 'Camden', 'Gross', '01 00 19 09 46', 'scelerisque.neque.sed@lectusasollicitudin.ca', '1970-04-23'),
( 66, 'Jamal', 'Frye', '07 63 72 77 53', 'interdum.Sed@natoquepenatibus.net', '2056-08-02'),
( 37, 'Garrett', 'Stafford', '09 56 70 23 75', 'accumsan@Etiamimperdietdictum.net', '2057-02-07'),
( 33, 'Silas', 'York', '08 80 34 50 19', 'Donec.non.justo@ipsumSuspendissesagittis.org', '1993-04-08'),
( 82, 'Ruth', 'House', '09 34 55 45 60', 'tristique.senectus.et@luctusfelis.com', '2068-06-16'),
( 56, 'Ciara', 'Macias', '03 90 38 64 08', 'a@scelerisqueneque.co.uk', '1970-09-13'),
( 92, 'Teagan', 'Stewart', '06 29 48 24 49', 'orci.Ut.sagittis@rutrumFuscedolor.ca', '2049-03-03'),
( 7, 'Deirdre', 'Schroeder', '07 88 11 21 39', 'tincidunt.aliquam@tinciduntadipiscingMauris.edu', '2047-08-18'),
( 24, 'Ethan', 'Mathews', '03 90 29 24 71', 'faucibus.lectus@nibhdolornonummy.ca', '1981-03-10'),
( 33, 'Casey', 'Blanchard', '02 06 57 72 07', 'auctor.ullamcorper@semutdolor.net', '2051-03-25'),
( 40, 'Vielka', 'Greer', '08 94 32 42 21', 'ultricies.adipiscing@nonleoVivamus.net', '2048-11-25'),
( 19, 'Allistair', 'Gibson', '03 74 17 64 41', 'Ut.nec.urna@dictummiac.org', '2057-06-24'),
( 69, 'Todd', 'Benson', '08 80 28 53 59', 'et.lacinia@etmalesuada.org', '2034-06-02'),
( 26, 'Doris', 'Morse', '04 92 27 01 82', 'sed@Pellentesque.org', '1981-05-17'),
( 27, 'Genevieve', 'Mcbride', '06 34 77 48 12', 'Mauris@id.com', '2058-12-24'),
( 69, 'Scott', 'Trujillo', '01 80 94 10 65', 'Integer.sem.elit@liberoProinsed.co.uk', '1970-11-29'),
( 56, 'William', 'White', '02 36 10 83 71', 'feugiat@arcuiaculisenim.net', '1988-08-19'),
( 5, 'Melvin', 'Christian', '05 94 32 12 51', 'Integer.vitae@non.ca', '1980-03-12'),
( 87, 'Karen', 'Wolfe', '05 74 92 24 10', 'ipsum.dolor@mus.co.uk', '1999-05-19'),
( 22, 'Vielka', 'Bonner', '01 22 37 53 38', 'lacus.Cras.interdum@sagittisNullam.net', '2059-10-19'),
( 96, 'Carlos', 'Gardner', '02 32 24 45 31', 'lorem.fringilla@cursusvestibulumMauris.co.uk', '2039-08-16'),
( 11, 'Odette', 'Walton', '03 46 32 86 86', 'elit@anteNunc.net', '1973-11-28'),
( 63, 'Acton', 'Goodwin', '07 87 45 76 43', 'dolor.Donec@massaQuisque.org', '2045-09-28'),
(54, 'Brent', 'Mccormick', '03 26 61 62 28', 'Integer.aliquam.adipiscing@montes.edu', '1978-03-15'),
(22, 'Jonas', 'Schiller', '2212', 'jonasschiller@online.de', '1998-06-24'),
(NULL, 'Abraham', 'Abraham', '0424928934', 'pellentesque.Sed@sit.net', '2052-05-22'),
(NULL, 'Abraham', 'Abraham', '0424928934', 'pellentesque.Sed@sit.net', '2052-05-22'),
(NULL, 'Abraham', 'Abraham', '0424928934', 'pellentesque.Sed@sit.net', '2052-05-22'),
(NULL, 'Aaron', 'Aaron', '1234567890', 'a@chandler.com', '0000-00-00'),
(NULL, 'Abron', 'Abron', '1213215416', 'kin=g@bb.com', '0000-00-00'),
(NULL, 'Aaron', 'Aaron', '1234567890', 'a@chandler.com', '0000-00-00'),
(NULL, 'aaaaaa', 'bbbb', '1231651016', '2ejubeqjub@c.com', '0000-00-00');



INSERT INTO `agent` ( `Person_Person_ID`) VALUES
(1),
(2),
(3),
(4),
(5),
(6),
(7),
(8),
(9),
( 10),
( 101);


INSERT INTO `seller` ( `Person_Person_ID`) VALUES
(11),
(12),
(13),
(14),
(15),
(16),
(17),
(18),
(19),
( 20),
( 21),
( 22),
( 23),
( 24),
( 25),
( 26),
( 27),
( 28),
( 29),
( 30),
( 31),
( 32),
( 33),
( 34),
( 35),
( 36),
( 37),
( 38),
( 39),
( 40);

INSERT INTO `buyer` (`Person_Person_ID`) VALUES
(41),
(42),
(43),
(44),
(45),
(46),
(47),
(48),
(49),
( 50),
( 51),
( 52),
( 53),
( 54),
( 55),
( 56),
( 57),
( 58),
( 59),
( 60),
( 61),
( 62),
( 63),
( 64),
( 65),
( 66),
( 67),
( 68),
( 69),
( 70),
( 71),
( 72),
( 73),
( 74),
( 75),
( 76),
( 77),
( 78),
( 79),
( 80),
( 81),
( 82),
( 83),
( 84),
( 85),
( 86),
( 87),
( 88),
( 89),
( 90),
( 91),
( 92),
( 93),
( 94),
( 95),
( 96),
( 97),
( 98),
( 99),
( 100);

INSERT INTO `available` (`Avail_ListingDate`, `Avail_ListingPrice`, `Seller_Seller_ID`, `Agent_Agent_ID`, `Property_ID`) VALUES
('2004-06-20', 1107000, 20, 4, 36),
('2013-05-20', 1224000, 19, 10, 82),
('2002-07-20', 495000, 26, 5, 95),
('2025-02-20', 1341000, 5, 9, 66),
('2008-03-20', 909000, 8, 10, 49),
('2020-03-20', 1548000, 19, 2, 57),
('2022-03-20', 1350000, 2, 3, 47),
('2002-04-20', 1305000, 15, 3, 68),
( '2026-12-20', 1602000, 14, 1, 23),
( '2010-01-20', 2070000, 3, 6, 53),
( '2019-03-20', 1935000, 9, 5, 74),
( '2030-01-20', 1260000, 11, 8, 56),
( '2022-10-20', 405000, 16, 9, 75),
( '2018-11-20', 747000, 13, 9, 58),
( '2018-06-20', 2196000, 1, 3, 46),
( '2018-07-10', 22000000, 8, 7, 101),
( '2019-01-09', 28000000, 13, 4, 102);


INSERT INTO `sales` ( `Agent_Agent_ID`, `Buyer_Buyer_ID`, `Property_Prop_ID`, `Sale_Amount`, `Sale_Percentage`, `Sale_Date`, `Sales_TimeOnMarket`) VALUES
(7, 53, 59, '270000', '9', '2018-01-20', '142'),
(9, 35, 3, '90000', '13', '2018-10-20', '820'),
(6, 30, 72, '486000', '14', '2018-04-20', '576'),
(3, 13, 85, '720000', '5', '2018-05-20', '757'),
(8, 54, 80, '495000', '9', '2015-11-20', '937'),
(10, 41, 20, '405000', '11', '2019-01-20', '777'),
(8, 55, 25, '369000', '13', '2018-04-20', '583'),
(4, 14, 13, '774000', '7', '2018-12-20', '618'),
(10, 12, 72, '486000', '7', '2017-04-20', '399'),
( 2, 50, 60, '675000', '15', '2016-09-20', '896'),
( 5, 4, 29, '387000', '11', '2018-04-20', '854'),
( 1, 49, 58, '486000', '10', '2017-06-20', '441'),
( 9, 44, 22, '81000', '12', '2018-04-20', '305'),
( 3, 9, 80, '495000', '6', '2018-07-20', '145'),
( 9, 15, 58, '486000', '11', '2018-06-20', '400'),
( 4, 48, 100, '180000', '9', '2018-01-20', '881'),
( 9, 51, 68, '27000', '10', '2018-06-20', '151'),
( 1, 4, 76, '738000', '14', '2016-02-20', '532'),
( 7, 30, 79, '567000', '8', '2018-05-20', '422'),
( 1, 26, 31, '729000', '5', '2018-10-12', '27'),
( 2, 20, 20, '405000', '11', '2018-04-20', '920'),
( 4, 48, 97, '324000', '9', '2017-05-20', '169'),
( 10, 28, 33, '153000', '5', '2018-08-20', '23'),
( 7, 10, 84, '18000', '13', '2016-06-20', '390'),
( 2, 12, 45, '729000', '15', '2019-05-10', '3177');

